image,x_0,y_0,z_0,x_1,y_1,z_1,x_2,y_2,z_2,x_3,y_3,z_3,x_4,y_4,z_4,x_5,y_5,z_5,x_6,y_6,z_6,x_7,y_7,z_7,x_8,y_8,z_8,x_9,y_9,z_9,x_10,y_10,z_10,x_11,y_11,z_11,x_12,y_12,z_12,x_13,y_13,z_13,x_14,y_14,z_14,x_15,y_15,z_15,x_16,y_16,z_16,x_17,y_17,z_17,x_18,y_18,z_18,x_19,y_19,z_19,x_20,y_20,z_20
frame_0001.jpg,0.0,0.0,0.0,-0.1919633493201366,-0.15392939685303927,-0.1148275236335642,-0.3434406289484923,-0.4683504013667205,-0.19063068870516325,-0.4433938476350813,-0.7748379743115943,-0.2516753870903355,-0.504891587325409,-1.090780085015675,-0.31396579818211895,-0.17552696353629554,-0.9321301368372819,-0.1844815156423505,-0.25251097493128283,-1.3452273949594125,-0.2955789337852744,-0.306909309397608,-1.6107418755294074,-0.37295526609270757,-0.3429890833487753,-1.8286845262156888,-0.4273973696234405,-0.018001785847574038,-0.9813383209514903,-0.19144460174788885,-0.07698023277072188,-1.432001192055377,-0.2985724176573174,-0.1318872120478859,-1.7333601222542323,-0.3759319035982339,-0.18221260940323514,-1.9772004140378112,-0.4310189185773772,0.1316233381200178,-0.9217974887835066,-0.20850026206411723,0.10141596612444487,-1.3623840285129554,-0.32570393701995054,0.05807745495941686,-1.6306268857261499,-0.40015915660620194,0.00467310859846591,-1.861694167951207,-0.44633349904197706,0.27681235720001335,-0.7818590780438746,-0.22977240785273786,0.32058813916197787,-1.1269805650197653,-0.34422334191099374,0.31798214796026386,-1.3493616297529163,-0.4047175682139448,0.29289376222647573,-1.547531579352566,-0.4412064307227357
frame_0002.jpg,0.0,0.0,0.0,-0.20910019010298597,-0.1602136429141228,-0.06317678951411286,-0.34262004647789646,-0.5217488839870618,-0.086166305087384,-0.41522706468187753,-0.827417712759348,-0.10625497566638997,-0.4932653884448265,-1.0470515396346625,-0.12472830125642068,-0.16891587230871868,-0.9479442817723114,-0.03480475294332547,-0.23888057890112321,-1.3331931671353052,-0.09300383528793459,-0.2792464506808518,-1.589379770830454,-0.14330627639028148,-0.31051783313398174,-1.7893644379134037,-0.17917671512108305,-0.033621067417408064,-0.9981380545577124,-0.05089251290179126,-0.07883520553450114,-1.4245865946885443,-0.10122185729733438,-0.11355389963840239,-1.7074832214581905,-0.15145539114357584,-0.14214588475731582,-1.928240229112464,-0.18545792488714372,0.1018717125007318,-0.9549466566262009,-0.07803554868932684,0.08396041550212723,-1.3686526531615917,-0.137727239117153,0.057428440797518125,-1.6175815255842751,-0.17986943167727246,0.03257823903750229,-1.8176244043363439,-0.20510277184982334,0.23575264727965425,-0.8315333054419697,-0.11079381377129237,0.28457756943686696,-1.1519681560196096,-0.16497829168452954,0.2965128989201197,-1.3596362099080115,-0.18666453701041247,0.2975640300737509,-1.5381040543755964,-0.19725930295429397
frame_0003.jpg,0.0,0.0,0.0,-0.19775609508334163,-0.18192369470466424,-0.05017573459054657,-0.3290018785252892,-0.5468890896077034,-0.06367802532207244,-0.40912228740518364,-0.8237846665496732,-0.07716804120675405,-0.48561305416113804,-1.0218051272584434,-0.09015579300099463,-0.16556076799989525,-0.9559098736678151,-0.009309043517460428,-0.21950098371813234,-1.321000271082631,-0.05414932740840365,-0.25233421526441846,-1.5595635666864134,-0.0985462500274014,-0.2757628844690686,-1.7492501866336978,-0.13302629991258424,-0.03415195908893334,-0.999003428876569,-0.028736610503777602,-0.0639883941257313,-1.4029762981889136,-0.06753682001890284,-0.08174788936285704,-1.6690535278535061,-0.11483551745181368,-0.09435241809278275,-1.8786928577998634,-0.14903399550747465,0.09453486301206002,-0.9471592082774708,-0.059177832905199006,0.09827384153664032,-1.34295836569867,-0.11170877177436311,0.09861441626520173,-1.5915700844929332,-0.15666951120561753,0.09575861475594216,-1.797330746423743,-0.18638608417335542,0.21702133206480667,-0.8163708426429777,-0.09439177278180604,0.28161858307231213,-1.1163433356379857,-0.1465041021461682,0.3173157755607414,-1.3120306065136909,-0.17111568513311812,0.3451201854322079,-1.4833311275755536,-0.18560275821794775
frame_0004.jpg,0.0,0.0,0.0,-0.19771161802256987,-0.17729346702474258,-0.04955960644444157,-0.3269074875294496,-0.5466031311855786,-0.05880580347267952,-0.4167580300713267,-0.8153786097467576,-0.06802039507947659,-0.5018326931104771,-0.9900443362478649,-0.07704272275602422,-0.1619262342016561,-0.95593931210059,0.00030869415749840867,-0.21684427213239799,-1.306101372739586,-0.03437667899186162,-0.24474765474257035,-1.5286203196356685,-0.07243234029947591,-0.26261265973180115,-1.7097520863307105,-0.10394584859845934,-0.028000858878290485,-0.9994374484319681,-0.018459105446235018,-0.05363971065870755,-1.3925134742462257,-0.048075038304651846,-0.06697656925855097,-1.6459668351741399,-0.08961992622176002,-0.07698275988016084,-1.8463541309930462,-0.1210497111396324,0.09936462292725994,-0.9462359996172408,-0.04893289429572511,0.1176933647788994,-1.3319801778372955,-0.09690367446417741,0.13108315650086644,-1.575678551656156,-0.14135517903760755,0.13822287364171296,-1.7823537913575294,-0.17201954071278355,0.21581398306374408,-0.8172553711343278,-0.08400841463063834,0.2892515966668074,-1.1056330373785235,-0.1343063215246137,0.335885524712693,-1.295779795288032,-0.15952079305791866,0.37367702809858566,-1.4705544389337974,-0.17564605069020583
frame_0005.jpg,0.0,0.0,0.0,-0.19018444564919473,-0.1899280116981447,-0.049714825706412995,-0.31781753400699503,-0.5458259874360687,-0.06035010309997678,-0.4104415065338279,-0.8030422531859588,-0.07182744309093657,-0.49893989202020106,-0.9667583480636565,-0.08363389506842084,-0.15527810925158966,-0.9571310470630828,0.0024120581727339148,-0.20943551874275884,-1.2957078210420365,-0.033429946474392576,-0.2396885493783913,-1.51616202287843,-0.07355428277126762,-0.26053086571637246,-1.6963662767687255,-0.10724406963393046,-0.02230343111526566,-0.9996047581784431,-0.017113865358330344,-0.04684536594084417,-1.386133504701224,-0.04844473602673107,-0.05976704920820446,-1.632594101250794,-0.09175560235237942,-0.07050786758911178,-1.831600723959497,-0.12516411046802522,0.10379105353623447,-0.9454894750215491,-0.048692145531826,0.12692583646298913,-1.3172196740750328,-0.09889623656873849,0.14322365502281484,-1.5552606647254907,-0.14498983491598688,0.151580108179968,-1.7594409600268808,-0.17705497797534894,0.21844349646247085,-0.8149558451870352,-0.08504369364793211,0.29714475227082615,-1.0905651448554021,-0.1358461780515894,0.347056150750257,-1.2747682391887918,-0.16192827886026276,0.38723041098058525,-1.44665283613538,-0.1794691551162908
frame_0006.jpg,0.0,0.0,0.0,-0.1901510069019647,-0.1805440237917886,-0.052437943778774324,-0.31692756624939583,-0.5383083284035987,-0.0644737425559873,-0.40702768524753924,-0.7959088548472222,-0.07670045789746936,-0.4959839168062488,-0.9567125714668697,-0.08957227139888624,-0.14914050254232697,-0.9583767483059502,-0.004898741639418726,-0.2039338491593471,-1.290055909451478,-0.042302300855683476,-0.23491649936578238,-1.5073489201759722,-0.08330633942002653,-0.25747971152764343,-1.6857143491754571,-0.11842622510233249,-0.017218106690054073,-0.999551364996299,-0.024507254763545185,-0.04029080190845097,-1.3830260130741614,-0.05911490402314352,-0.05206092674028216,-1.6303150188579207,-0.10435005366649033,-0.06349389366705288,-1.8320176283234422,-0.13930034279895645,0.10669189004148896,-0.9426115184260146,-0.056142299662836646,0.13108598489548826,-1.315369984315653,-0.11131636275294014,0.15053207136586289,-1.554130660137424,-0.1604808023122029,0.16075876223230612,-1.7624860146334602,-0.19434552223689044,0.21912310095147103,-0.808953767954704,-0.09250086242423096,0.3009078109680546,-1.0811749164159552,-0.15045840536227148,0.35308054733839095,-1.2671368804321184,-0.181937751119228,0.394241187824983,-1.442931264278655,-0.20283122117530641
frame_0007.jpg,0.0,0.0,0.0,-0.1820438004919477,-0.220957795481868,-0.04216799075677648,-0.29447547846269984,-0.5768733851626068,-0.05730380027475633,-0.36862722990032315,-0.8338473469361406,-0.07475651516706526,-0.456612128294683,-0.9817895164360335,-0.09575355866253518,-0.11591152362812246,-0.9691439557773281,-0.016211938089903153,-0.15585650743157747,-1.31765885613536,-0.060169742816189996,-0.17738987977636844,-1.5468612766054397,-0.10467827707543007,-0.1929332691333283,-1.735506591350995,-0.1420673569922234,0.01116707662898377,-0.9989172647839446,-0.045161870157523605,0.0014183110217704344,-1.4095620140781506,-0.08997957093207991,-0.0018277828034851055,-1.6748996547973458,-0.1414054908207158,-0.0042316021812467824,-1.8911158541686135,-0.18061907724991713,0.1302267929675847,-0.9287230514717215,-0.08382490586543262,0.1733072703927236,-1.331244075532955,-0.14659832911701645,0.20401219045986577,-1.588097617458675,-0.20232709898158982,0.22659766754490807,-1.8117155951733457,-0.2413583944210592,0.23746602025957206,-0.7760718826501982,-0.12547483462945394,0.33743812015693053,-1.0562901974878625,-0.1882212538593713,0.40411645783892414,-1.2506276019159346,-0.22208948372089135,0.45939736332775266,-1.4320454923773223,-0.24590093969799498
frame_0008.jpg,0.0,0.0,0.0,-0.13740618452812975,-0.21772628046891424,-0.024058971950196947,-0.20583695177394204,-0.6004150885708857,-0.037586175183689834,-0.2503950487891138,-0.8477953953346877,-0.0551909658528539,-0.3186528809755644,-1.0127419650685863,-0.08036757098428643,-0.05490453969908861,-1.0059494506005786,-0.041096154131127924,-0.06546953621931009,-1.3949619231550565,-0.10323579336794612,-0.07766640138393953,-1.6538977436471893,-0.15611072029067338,-0.08529861356746357,-1.8653028314034126,-0.19562216421978237,0.03417713670155283,-0.9959793194625848,-0.08280772023024205,0.0401198930393569,-1.4548736006260545,-0.1470750477354151,0.03926076831616891,-1.7779516330566545,-0.20858481340667803,0.037738350045338924,-2.041088403025221,-0.2511262092337344,0.1190610183463145,-0.8930478344186908,-0.12991843065296785,0.17352394053172723,-1.3415694811289725,-0.20092510853819026,0.19497864212896568,-1.6521275009369782,-0.2632937170675745,0.20872099513603504,-1.9214171359686174,-0.3064342496167148,0.18913059245356026,-0.714521179228408,-0.17762868975441348,0.27289065639560944,-1.0102733474508976,-0.2501845630917988,0.318061744884988,-1.2283285861345354,-0.2906055530681361,0.354089997888956,-1.4260602260515243,-0.3178738951207189
frame_0009.jpg,0.0,0.0,0.0,-0.22040053729266346,-0.373846084692898,0.0186860187784615,-0.2660278461848961,-0.7914912162813441,0.002179224499267368,-0.2854592567830353,-1.07645235744665,-0.030448082012691145,-0.3214389708962938,-1.3141162055433506,-0.07603039660519809,-0.08015331781197015,-1.042954133211711,-0.06284061441151971,-0.10815358325761712,-1.5062398486063513,-0.16412414887850693,-0.13381685115768097,-1.8830071291738668,-0.2443850317865873,-0.158716913619674,-2.2183918056457412,-0.3022455823533508,-0.02990593040219999,-0.9898632592313601,-0.13883934366975295,-0.06811113278376393,-1.518785254988426,-0.24231008614834285,-0.10286751251809705,-1.9540443593389418,-0.3259575400157782,-0.13269011730650712,-2.346739979410888,-0.38680941374302963,-0.014735154497406523,-0.896916702605124,-0.2145927805995241,-0.05813391167965026,-1.4045191865398161,-0.31069733714250863,-0.0914655868017324,-1.800183766647961,-0.37490360292709846,-0.1134686545784072,-2.153870924400261,-0.420181219951165,-0.04185008529653572,-0.7803897120794034,-0.2885126072740051,-0.062026524912090576,-1.1367046390504076,-0.37685751709016585,-0.0821488437245711,-1.4129240451425364,-0.42392686456884165,-0.09077774202907454,-1.6692973527473092,-0.4587081602955335
frame_0010.jpg,0.0,0.0,0.0,-0.05629992831047206,-0.48568211497106417,0.09491455332800484,-0.20467036134652908,-0.9396714611794116,0.08417820318576881,-0.37635555531701875,-1.2118221337313357,0.05383965013343297,-0.5242695105033107,-1.400188027952242,0.007757917625760098,-0.04681362619501361,-1.089299902232375,-0.10892351976171305,-0.14464730706803378,-1.7219851947613076,-0.20335861442626557,-0.18816700193829894,-2.112200790928343,-0.2479515968224364,-0.2133620114141294,-2.4134956597778965,-0.273227424199845,-0.08722922583274804,-0.9728573550032006,-0.21433531901391326,-0.22694423356276322,-1.6852015860110934,-0.30791097117990096,-0.3193393855185176,-2.1323751745510253,-0.3586861361525934,-0.38781106298327167,-2.501768869482521,-0.3961911163214689,-0.16565996147836265,-0.7933410783227666,-0.3036429548704926,-0.3149933312140747,-1.458065911461613,-0.38956717220456527,-0.40614239722634693,-1.8770969871421994,-0.4536200879122865,-0.4701843366020452,-2.2428848853571113,-0.5012254429544628,-0.27686012082516537,-0.5630882401141173,-0.3757659965920813,-0.41095020260533865,-0.9661016662431924,-0.47317432310509316,-0.49799119724036844,-1.2288330983426696,-0.5287477214074416,-0.5771915944337788,-1.4790219360231764,-0.5669795181727442
frame_0011.jpg,0.0,0.0,0.0,0.053166173149513773,-0.4027593539050676,0.11734025207096102,0.0368176086804624,-0.7826124575744887,0.13348860774607918,0.019629259498187654,-1.1089750446731108,0.14331571224214554,0.03560194731173556,-1.349925599570231,0.14205904490929835,-0.035759052858760486,-1.0734012063982217,-0.13627903483783171,-0.11176545269225842,-1.6727174673913257,-0.23232907094477107,-0.1412673032093161,-2.0520357367123796,-0.26748574060692903,-0.14241127563910924,-2.3289492711725903,-0.27927715471470543,-0.1282733017034391,-0.9682628404666325,-0.21450648438121184,-0.2580708104823835,-1.6528515690248036,-0.32691034178289186,-0.3358313013748976,-2.0699126483476347,-0.36756181063717314,-0.3858516592922354,-2.388568783460639,-0.38760641383969213,-0.23295985300013755,-0.8000426752133483,-0.26775566362548264,-0.3854544284847092,-1.439074063626948,-0.37040275721680915,-0.48593573712948807,-1.8264317353855672,-0.4211603781277099,-0.5455918292978511,-2.133298580911022,-0.44569079683927465,-0.33919000442877023,-0.5755198912573232,-0.2966475589379501,-0.5150329482556646,-0.9649789858945949,-0.4115240991279086,-0.6278656727500425,-1.2091809283366977,-0.4688673786550568,-0.7234021878044793,-1.4483965673317203,-0.49484018317595785
frame_0012.jpg,0.0,0.0,0.0,0.07066323043617659,-0.42886049810640875,0.12368062381880358,0.08293747362773318,-0.7914537871491427,0.14319498837976172,0.10075373375336326,-1.1062800785270026,0.15680118424317932,0.15713738592315404,-1.3370004795187962,0.16184490579502253,-0.026501435484200784,-1.0582335493062431,-0.12008922800397508,-0.06698007739435076,-1.6122210888529365,-0.20677774689550324,-0.09263202192835743,-1.9697760520991225,-0.23687833451263515,-0.09301171546603669,-2.2381628849656816,-0.24849272397894231,-0.13669554079359394,-0.9713485830131839,-0.1944126009430115,-0.2361402538351016,-1.5953651683979377,-0.31610255935662795,-0.3087876554127158,-1.985463817725657,-0.362282262017131,-0.35563601264205685,-2.2942941153209984,-0.38597525925605664,-0.25300015562410466,-0.8164666228035016,-0.2418955487617651,-0.3820236657912908,-1.4079766637621052,-0.3513085792026707,-0.47852659209136406,-1.7679683605768828,-0.3993746483916357,-0.53959795073545,-2.0564997219790313,-0.41943321154431523,-0.3617295491076821,-0.5997536025585324,-0.2640412738802583,-0.5243062754563761,-0.9792826482802472,-0.37203176320421016,-0.6277698308594459,-1.2069541856002786,-0.4226698265459675,-0.72239147207051,-1.4360289336129528,-0.44463654879218556
frame_0013.jpg,0.0,0.0,0.0,0.06551126728560894,-0.43116631529066407,0.13855607041213402,0.07930787276856253,-0.7909660707823782,0.16025921648684432,0.08852257975164224,-1.1076911471490123,0.17703447218919993,0.1442692263101641,-1.3458573934132374,0.18503065570255667,-0.030356957149656708,-1.0670605768439771,-0.14984840786123496,-0.08264408775222598,-1.6452986378437087,-0.25665658624637533,-0.11035737753957851,-2.0096580052919606,-0.29188159574209177,-0.10589061722985617,-2.2765342331532943,-0.30125813525130096,-0.1409360186672882,-0.96365799709067,-0.22693678257482167,-0.2547771856991759,-1.6218026064857407,-0.3663381444977252,-0.33205811077693625,-2.0292067944612535,-0.4055277689454159,-0.3803890845734963,-2.3431686079667644,-0.41967075564407724,-0.2560991267853561,-0.7971732221678615,-0.27461374030386276,-0.3976327470291398,-1.4088095210936777,-0.4011560889368425,-0.49434152321452296,-1.7736102158025011,-0.44374561954987557,-0.5504148958686055,-2.058749836307768,-0.45347823357858097,-0.36103856508612453,-0.5767781044524086,-0.2936082389742524,-0.5342291729400074,-0.9631179646092503,-0.4182276348349134,-0.6430742876835656,-1.1947857770517134,-0.47278734842761,-0.7396318375893467,-1.4185527682201675,-0.49257833593532824
frame_0014.jpg,0.0,0.0,0.0,0.03555572089659377,-0.45201945503061786,0.13162774034478658,-0.002843040472221592,-0.8327799153316859,0.15491127774935534,-0.058874053681562004,-1.1234472099390314,0.16530687359913696,-0.11793152236015411,-1.293019235514836,0.16055853963339942,-0.030078331220856215,-1.0872139985469293,-0.11813329762847087,-0.12175860913564085,-1.6724825045913254,-0.20952554486623504,-0.1505463382454749,-2.033312948731006,-0.24559405542398965,-0.15299316775826985,-2.3045546184187966,-0.2605442409968421,-0.11213807127021745,-0.9712179472802885,-0.21014459748577538,-0.2577989598774842,-1.6355202779960691,-0.31185067075426826,-0.3418028124807605,-2.0345803269171983,-0.3557158039368088,-0.3984274940197107,-2.3472824003896298,-0.3828180161952543,-0.20979737563706932,-0.7984413441326983,-0.27791017382960637,-0.36269786373252894,-1.4365061487214974,-0.37381771915017653,-0.46777802221950326,-1.8042549460589306,-0.4342923063209872,-0.5349826597649966,-2.1033198498574497,-0.47073364188595584,-0.30752041077438513,-0.5803220260920995,-0.3212916282707149,-0.47598006435995655,-0.978561244293304,-0.4392694094485829,-0.5879386092903247,-1.2118229933961335,-0.5066059642880238,-0.686427709892268,-1.4370678436476203,-0.5430599109842665
frame_0015.jpg,0.0,0.0,0.0,-0.1637275778550833,-0.2272070440268571,-0.017959155350483067,-0.24378799435057363,-0.6093495375174856,-0.03052106590547,-0.28570436715718484,-0.8535004244612937,-0.052300048553548084,-0.34019207532345797,-1.0316395925820296,-0.07707889172181906,-0.1245329424842978,-1.0123998371556424,-0.013974479311569907,-0.15205448978613795,-1.4232265785950915,-0.07914052744457793,-0.17177225583047917,-1.7041341607849865,-0.13667170062929823,-0.18778991018857788,-1.9364164352627482,-0.17738223576958392,-0.06868187237926277,-0.9961773947953915,-0.053975906709805,-0.09227169637529768,-1.4225838434548352,-0.11378866175740011,-0.12039316419729675,-1.7407894077344572,-0.16926289012841586,-0.14099232679834042,-2.016686260816275,-0.2077886437799549,-0.015135913908865362,-0.9213462940979332,-0.10156905323036,-0.017232626669776267,-1.3292254466818865,-0.1559595795167285,-0.0348378608967851,-1.6176201280948859,-0.1991425192612942,-0.0533232880566382,-1.8557295110558036,-0.2288215623288822,0.03185424929867734,-0.7909775813373573,-0.15391445063545292,0.05411269336132427,-1.0895657102185288,-0.20288002926027238,0.040769491216052244,-1.2998588299786231,-0.22821680582000745,0.017603686710619775,-1.4696960025377155,-0.24494434033502105
frame_0016.jpg,0.0,0.0,0.0,-0.16314490165441425,-0.187915086827942,-0.04211134916820163,-0.2842011394221176,-0.5549529488551914,-0.06351310252117995,-0.3724893951181793,-0.7946875029710946,-0.08599309429833875,-0.46049566027617284,-0.9498788231622158,-0.1144630102401853,-0.1291850622934756,-0.9762226177703828,-0.05190192913243576,-0.18149422191159253,-1.3668428117771165,-0.1162644697334539,-0.2173738119628111,-1.6153567707039753,-0.17002270716414933,-0.2448891026099432,-1.8208303263797645,-0.210775302437299,-0.020748540055690035,-0.9960302806350082,-0.08656314541249228,-0.053925962165384735,-1.4543262443272178,-0.15341825660721495,-0.07987215863422731,-1.7648691337131175,-0.21613327174924601,-0.10157486606948313,-2.023427663760775,-0.2589390733555408,0.08842848422345141,-0.9129156567805778,-0.12847197643604769,0.10305433666890629,-1.3627530118464528,-0.20502970262740342,0.10159429019113858,-1.6598138995299103,-0.2690903706535493,0.09809692597096585,-1.9170301844340942,-0.3119705674977196,0.18808615540813559,-0.7460162768746043,-0.1719649595918514,0.2586427438382557,-1.04308836750542,-0.24837560982696624,0.30132708078906695,-1.2541785613062104,-0.28904482194629894,0.3358837859233304,-1.4491736552840464,-0.3152239800847328
frame_0017.jpg,0.0,0.0,0.0,-0.19941356286694506,-0.17070559827992476,-0.05464877875842475,-0.3452379657677921,-0.5138337102594267,-0.07897415385976132,-0.44872075665577443,-0.7559766614990504,-0.10251750906564254,-0.5549581831614755,-0.8916665550462028,-0.12985506785183065,-0.18989857278434494,-0.950792751598229,-0.045701942048510955,-0.263623321350966,-1.3153490661150524,-0.10173464350018102,-0.3068409106187554,-1.5543917617825367,-0.15161050068713847,-0.3399073313225556,-1.752731040222248,-0.1917750452551549,-0.06255556929280154,-0.995334474341543,-0.07345804882855185,-0.10376623209975445,-1.4253792394978126,-0.1293174172585569,-0.12579064665620895,-1.7127145221231692,-0.18567229942950617,-0.1422762257448725,-1.9515190614744709,-0.22647704063350735,0.06231295487808935,-0.9311524812080129,-0.11127977463051478,0.0753351388950943,-1.355585673499431,-0.1867226900128668,0.08553448620810436,-1.6367714784768335,-0.25018786783020175,0.09194398049748655,-1.8833640422163278,-0.29240001900813656,0.1810244539184281,-0.7808716222349913,-0.15175749084369866,0.2669548505608565,-1.0814205915834851,-0.22768352332459263,0.32244707111327847,-1.290008139101649,-0.26869511638975113,0.3661896210359834,-1.4884684510058241,-0.29560357341594035
frame_0018.jpg,0.0,0.0,0.0,-0.2079500504662276,-0.1289754192718879,-0.061156989502140026,-0.36957806180673053,-0.4471254287582129,-0.08446041335051847,-0.4941435908157698,-0.676812948614966,-0.10612802600138257,-0.6134774346112936,-0.7888023316523429,-0.13053551415998194,-0.23426295154851298,-0.918272631871741,-0.03641198755366251,-0.32286445353185017,-1.2636287385018399,-0.08676767543997925,-0.3773156076611841,-1.4965449983985821,-0.13458044962084817,-0.41702311458206615,-1.6892345394751551,-0.17442033662670897,-0.10516974318297663,-0.9927471739477355,-0.05824408757643438,-0.15599171983233134,-1.403548462434478,-0.10658460085931575,-0.18646256076093545,-1.6792744635023233,-0.15941462005449292,-0.2119037922312793,-1.9045390749000668,-0.19883155780516817,0.025315862640939393,-0.9582617259759589,-0.09153328270185755,0.03108540590370167,-1.3716364105492256,-0.16242468471792096,0.035302164499487046,-1.6441676666919476,-0.22416796153000637,0.031908565206804726,-1.8815952147666144,-0.2657508087729625,0.15203449138883188,-0.8357842625729862,-0.1285511488137273,0.23434587385768377,-1.1371216601788978,-0.20309261995644745,0.2850937206913447,-1.3453458696874203,-0.24486346359549205,0.32231871255741723,-1.5412799545530338,-0.272352265933626
frame_0019.jpg,0.0,0.0,0.0,-0.20107113353873546,-0.10331937506254253,-0.07572048865059756,-0.36513818783688484,-0.40263047877530084,-0.10958353569057043,-0.4972826924220009,-0.6256697728770048,-0.13872677299838296,-0.6221877930215463,-0.748285878438201,-0.16885300680386414,-0.24828562093288006,-0.9069501274350003,-0.051180988440266424,-0.34733735497749424,-1.2610606040102559,-0.10869155721148228,-0.4060789196860219,-1.4974559102340512,-0.16136464065158837,-0.4475621932882649,-1.6957143631527507,-0.203156138673568,-0.11878811306319748,-0.9906904985273429,-0.06649601734336964,-0.17773212551959738,-1.4024004704508468,-0.11657264961004048,-0.2130424121709762,-1.6778189079764199,-0.17049432839694936,-0.2435800007542625,-1.9040809000915733,-0.2101710138413149,0.015031214119758562,-0.9679919932967318,-0.09399943168741498,0.0018853136220519822,-1.3810255394579178,-0.1615756628355587,-0.002327542060807474,-1.6472138621038313,-0.21689936625944944,-0.012489690556327463,-1.8772059995015107,-0.25389506076385115,0.14689132059429547,-0.8583502236313159,-0.12715283032032693,0.20650520138585896,-1.1666678239654957,-0.1963369389667752,0.24501306978211704,-1.373195865220961,-0.23164047230122725,0.27179353775515297,-1.5639638273483516,-0.2536543315733996
frame_0020.jpg,0.0,0.0,0.0,-0.1891706653655171,-0.09577599847558506,-0.07942064275046667,-0.35700176455043364,-0.3695220480466997,-0.11766037953620034,-0.4887355797307485,-0.5825672848955252,-0.14989865452700307,-0.6090431582950621,-0.7132788490673604,-0.1816487366843143,-0.2707912675542254,-0.8967554907716282,-0.06110125775187863,-0.37491239044601576,-1.2625220800738615,-0.1225963934580384,-0.43621414989086305,-1.50324431998147,-0.17656100624671348,-0.4795955069809915,-1.6996448296357403,-0.2170383348910178,-0.1454008467818794,-0.986696088821417,-0.07272841301465927,-0.2113111374094559,-1.4028833149279534,-0.12475611257349536,-0.250652067247001,-1.6780876608607613,-0.17691009457862147,-0.2843551880633327,-1.8975589528433423,-0.2139201408872306,-0.0136155524339229,-0.9744872772029588,-0.09617257206554572,-0.04081137039457223,-1.380701674825619,-0.15963908206526894,-0.053084034511766943,-1.6390498012564536,-0.20743743193656394,-0.06830628690193452,-1.8555652228272805,-0.2383468149867072,0.1196482786012833,-0.8785830390797917,-0.1262170917330572,0.15833922666341282,-1.1899849541019392,-0.18808309798940656,0.181797229333194,-1.3943248651182423,-0.21623698985080433,0.19769130777466068,-1.5755116004055023,-0.23217439404574983
frame_0021.jpg,0.0,0.0,0.0,-0.18265636024428222,-0.0584465738994128,-0.0894500716984664,-0.3565176146274941,-0.3195264063794888,-0.12871447841077346,-0.4839097021413015,-0.5416561477965686,-0.15905416405530387,-0.6060660616597452,-0.6789587092266108,-0.18762331873652718,-0.30253392639741516,-0.8761996611085874,-0.06410099849141497,-0.40727125853335894,-1.2448613911849236,-0.12580582679486563,-0.47207049898182885,-1.4890070877032715,-0.18132188970197266,-0.5190364145358974,-1.6893546819875604,-0.2224538351085886,-0.1819158701879459,-0.9809296119014458,-0.06843765534149533,-0.25502838754884566,-1.3936216816817895,-0.11749904782009872,-0.3018741599654599,-1.667447523171876,-0.16861590877321533,-0.34113096939113385,-1.8861631185747012,-0.20486915939376196,-0.0535166219676093,-0.9852781652778819,-0.08537253729002472,-0.09623983574608391,-1.3849704334859585,-0.14121811041970878,-0.11883082888367767,-1.6368007363556516,-0.18426694743690158,-0.1407128989853643,-1.8448092224635007,-0.21331612499345723,0.07676753858701117,-0.9062561760527567,-0.11089223534661612,0.0929356638913098,-1.2046630678912251,-0.16484451360611874,0.10525606780001143,-1.400179141239004,-0.1886832285623929,0.11565889300502981,-1.5737909219309136,-0.20220675213155653
frame_0022.jpg,0.0,0.0,0.0,-0.17882876182890883,-0.05335741068168367,-0.10513373619561497,-0.3507483445165864,-0.29966960790333824,-0.15263408823050775,-0.4728045043145771,-0.5268383425108699,-0.18825906832317332,-0.5956990707957981,-0.67604340153231,-0.2203975212214296,-0.3008354192891005,-0.8734159584149148,-0.07915045743712341,-0.4087968849695729,-1.2383593332748433,-0.14689931680664223,-0.4783890259607795,-1.482415962740801,-0.2067647967057136,-0.5289979603238393,-1.6891795517322035,-0.25075001279796744,-0.18719653675256856,-0.979266133722959,-0.07742929659458282,-0.26665938123972766,-1.3892003192381694,-0.1320481944620629,-0.31522148792657556,-1.6665297649048758,-0.18544734336883312,-0.35279752198731407,-1.892085248087599,-0.22354877190167907,-0.06461167318852734,-0.9864843108430154,-0.08976879211691845,-0.11403960082795625,-1.3797747451499893,-0.15014168076924103,-0.1384668113902617,-1.629115318380339,-0.19205541592448822,-0.16091251856389388,-1.8358026957029467,-0.21975878832717777,0.0642820753444473,-0.9142564836699424,-0.11246409642217886,0.07336685090135531,-1.214164204084213,-0.16905797699855094,0.0824379976500718,-1.4075985836848546,-0.19300277474676678,0.09005618812319775,-1.5789543723417128,-0.20627398337623007
frame_0023.jpg,0.0,0.0,0.0,-0.19142936716933587,-0.07009662316331673,-0.09303355210653552,-0.3631274722564052,-0.3350270529888714,-0.13613304907598442,-0.48413965337671877,-0.5729056740634022,-0.17020442407239886,-0.6062499164973459,-0.7238254477194148,-0.20275687232573042,-0.29442129060983646,-0.8843633408807707,-0.07233452820310667,-0.3968984640319444,-1.256815571367067,-0.13891786208716567,-0.4596689923227128,-1.5014114490064636,-0.1971400480419509,-0.5043329575413629,-1.7089449400296617,-0.24012460279640205,-0.1707017401562585,-0.9822530744683053,-0.07771623771894184,-0.2380450671882626,-1.4011957850962997,-0.1332432151170012,-0.27961529232630983,-1.6798837182764499,-0.18848197970302216,-0.3127431548124022,-1.9100649771747475,-0.227871972661745,-0.04081659412309517,-0.9813334596899375,-0.09574017975283482,-0.08206363639031326,-1.380451744647007,-0.15833040105269205,-0.10304879252935893,-1.6353392706144656,-0.20301022103425892,-0.12207080922700184,-1.8486519864699107,-0.23242460137044865,0.09218371422197533,-0.9001211643480077,-0.12239249856630595,0.10747132741792018,-1.207875328076459,-0.1810551117261994,0.12138730134329787,-1.4090707668522329,-0.20564895061020547,0.13397802514647253,-1.5878469158673587,-0.21941604773385642
frame_0024.jpg,0.0,0.0,0.0,-0.20496029492619772,-0.13341203293962614,-0.07354042340330103,-0.36179599987822586,-0.4325185795486498,-0.10366632289959524,-0.4667208014499838,-0.6850619455273878,-0.13123458429605298,-0.566773422053045,-0.8736182085218089,-0.15692394928559514,-0.2670631026969682,-0.9050032214238195,-0.03253835800922018,-0.3432057863593766,-1.254342126581919,-0.08910059393384419,-0.38475440645851294,-1.4814857828551367,-0.14142412438158047,-0.4147412401426313,-1.675923543026143,-0.18154917225508596,-0.13749665833693242,-0.9894286425195318,-0.04610455843117281,-0.18236617747745776,-1.3891509238797686,-0.09443121736006922,-0.20164788504282105,-1.6425111851514484,-0.14410336594662881,-0.21717693796893958,-1.8561107621474682,-0.18089001519863213,-0.004675143143252426,-0.9802512669778046,-0.07326222196679462,-0.025802870244808044,-1.3649227924462497,-0.13500054978612847,-0.03152813712744669,-1.5982918312618506,-0.17537023806630098,-0.03778151899801096,-1.8002819261787568,-0.2014233709233018,0.1317296903272156,-0.8978764988061612,-0.10802090724500886,0.17527222003107507,-1.2093492912513195,-0.16620233836103934,0.20756467924482583,-1.4128224197330923,-0.18957617380326802,0.23563981411760376,-1.59527862696526,-0.20293490646386314
frame_0025.jpg,0.0,0.0,0.0,0.30469823456362294,0.08802159521184463,-0.19692089076531785,0.6538450444356485,-0.1714084434603729,-0.44242351997280865,0.8113672039415347,-0.5664178857080769,-0.6477975068603391,0.7798878704696934,-0.829368928541827,-0.8541647496407316,0.5470485443908425,-0.32922472518504003,-0.7090186854968652,0.7380350011426164,-0.9516416237349931,-0.9759956423010552,0.8157852292699599,-1.0869097737624642,-1.1131609322400526,0.8321435846731057,-1.028049003332239,-1.1980596718938934,0.2912691300579782,-0.640637821603821,-0.7104544147276303,0.4437806853651796,-1.2453702347466509,-0.9247569717699539,0.5373115509375159,-1.227969757882014,-0.9355608548716163,0.5611922110869572,-1.0411160795068368,-0.9686334019622437,0.052018352412817076,-0.8354416751530358,-0.6995356175590861,0.19435554936732563,-1.3526286614761107,-0.8764648898671449,0.2670545121892474,-1.1928216367338,-0.8207563356164124,0.28438914695718887,-0.9027669734374407,-0.7957370096771748,-0.14973452555801678,-0.9544206142989695,-0.7023881386777578,-0.033105984142867605,-1.374926840887732,-0.8574388975400453,0.04330222106060657,-1.2384559889873932,-0.8462462571056993,0.0744079677142068,-0.9810771689890316,-0.8402823873158287
