image,patient_number,x_0,y_0,z_0,x_1,y_1,z_1,x_2,y_2,z_2,x_3,y_3,z_3,x_4,y_4,z_4,x_5,y_5,z_5,x_6,y_6,z_6,x_7,y_7,z_7,x_8,y_8,z_8,x_9,y_9,z_9,x_10,y_10,z_10,x_11,y_11,z_11,x_12,y_12,z_12,x_13,y_13,z_13,x_14,y_14,z_14,x_15,y_15,z_15,x_16,y_16,z_16,x_17,y_17,z_17,x_18,y_18,z_18,x_19,y_19,z_19,x_20,y_20,z_20
IMG_9597.jpg,P121543,0.0,0.0,0.0,0.6145769426466582,0.024069664021995597,-0.0132098687951126,0.9951136912357507,-0.1591891978249839,0.05067677829368821,1.2685606505907652,-0.3354835652992507,0.13602144530488036,1.4721757987381268,-0.45576204604781984,0.2523030028839537,0.7532937698272967,-0.7783581728617918,0.16192132529460818,1.0448817864408155,-1.0615266769474079,0.2824191983749545,1.1492189610602292,-1.1791175691894353,0.4038775632268932,1.1752786693723165,-1.2069838519016425,0.5072720952223178,0.4173486984776548,-0.8804163192389058,0.22513811027194974,0.6215289791873357,-1.2621754454076846,0.32469629064317185,0.7418180302176316,-1.3823451088809775,0.4785931749136088,0.8165939019479412,-1.4079103733897929,0.6378075243464515,0.12154257319006995,-0.8774630580264641,0.27664289332696823,0.2309934991048608,-1.2390946689922326,0.3404353693511666,0.3538343293970127,-1.3735791364939771,0.46739952969752646,0.47031505892518505,-1.4344054451805006,0.6037844772272314,-0.10755006837676873,-0.7760269538534663,0.3264157781909406,-0.11226309274168354,-1.0586088073032476,0.4046968072494741,-0.04896050680563811,-1.196063995857786,0.5010201982797643,0.045078193331427374,-1.2670870400650376,0.6112014645976128
IMG_5457.JPG,P797045,0.0,0.0,0.0,-0.48949765033384074,-0.25130407235548546,-0.3148268791555832,-0.7852113546461067,-0.7028445145809299,-0.3865482927754457,-0.9248274226252912,-1.0978933829536852,-0.4100703483321215,-1.0326778589260055,-1.4241072500005636,-0.40872794136529667,-0.3015488690401525,-1.0393268356915393,-0.047953905273855346,-0.3178093153622559,-1.509437221015598,-0.09716798572004508,-0.31680948002802034,-1.8057910783960975,-0.17252396311150414,-0.3156193138251486,-2.0462407073496283,-0.2419066841887531,0.018334143413916638,-0.9991989303503985,0.03557185364719045,0.0856511244421631,-1.4298069655184988,0.02624647368185501,0.15000864393377808,-1.705824456181323,-0.04381920446804597,0.19528936268247268,-1.9136970345143185,-0.10570094692511478,0.2805491362270963,-0.8680041657249118,0.06936239068848425,0.3770092352551527,-1.2464337829779422,0.016136201989702156,0.45222502710165385,-1.4817047530916314,-0.05664819103485887,0.5138802630618692,-1.6872377614136334,-0.11706029360998346,0.5507208527716195,-0.6825883963351103,0.0717698847290855,0.6719917690972093,-0.9426883712727577,-0.0013623505029639062,0.748117096804645,-1.0915571040108898,-0.03814870465867666,0.82173637481842,-1.2434706520280847,-0.06693901555666759
IMG_5456.JPG,P669818,0.0,0.0,0.0,0.18020582170835578,-0.42320414736548095,0.24741602456440964,0.20049022841572264,-0.8451145713634866,0.3069585862643044,0.27338406195896164,-1.183214959488596,0.2867141539403634,0.3749813780961698,-1.4699275409970323,0.24295816322536054,-0.17945371392177356,-1.0284944624483936,0.22235702315539677,0.0011352801435566674,-1.5533156739471075,0.16397637843090587,0.13689494546576514,-1.859864352036103,0.11790229446161404,0.2743881480514088,-2.1155411207689148,0.06841737087176711,-0.14677583231391306,-0.9891536988329602,-0.005640490548824872,0.013626117257009029,-1.5762152358179558,-0.08456050425275889,0.18484966247895873,-1.9263106945051542,-0.18415733117058036,0.371994378883511,-2.1998995845159066,-0.25826189674528804,-0.009221701802549904,-0.8853485873572442,-0.2244526769388138,0.10511996060638054,-1.4857700263660172,-0.30430318220180247,0.22785528675199007,-1.8190907871121988,-0.3847008523856525,0.3544606077774691,-2.105441704739951,-0.45447094332515503,0.22989315747354164,-0.7352394770166587,-0.4231153354821234,0.28528368387359854,-1.147545333025621,-0.5271320873028322,0.3113637447010991,-1.4105757809137671,-0.5896531711201931,0.35977756435055575,-1.6641209907578405,-0.6376809480644159
IMG_5454.JPG,P773970,0.0,0.0,0.0,0.5766534424035884,-0.13833044650573195,-0.20888849693723538,0.917488328075173,-0.4507580642660346,-0.3386235756882911,1.2162952925843473,-0.7556051340492289,-0.4377510840731402,1.4890887259431533,-0.9879658711467527,-0.5410006462437014,0.5102027997103047,-0.9037036552878241,-0.2887934021756609,0.7298938043973008,-1.3168917610802902,-0.394523310126947,0.8586826637650503,-1.5781490447056183,-0.4664222468264719,0.9395997314356165,-1.7781392262748699,-0.5247663506769908,0.12745577137246547,-0.9562307891157418,-0.2633964773700199,0.201737488393296,-1.4104242695501923,-0.34810700784365295,0.25165895194191334,-1.6912670883839573,-0.41903441905495625,0.285508136230411,-1.8919476074129846,-0.48277326118079694,-0.22196569237276662,-0.9160509086101893,-0.248979806075584,-0.2160120939129646,-1.350916575460414,-0.3371611362940535,-0.18089212615889383,-1.611555229070266,-0.417872055282817,-0.1419462351053057,-1.8000494890275853,-0.4887770221458189,-0.4963407777299027,-0.8087204815080392,-0.24620923729196031,-0.6659808039403785,-1.13434406783795,-0.36638872673874356,-0.7501772811616594,-1.3454874143412492,-0.43907947061112973,-0.8004104308877805,-1.519690879412912,-0.48418913570670075
IMG_5455.JPG,P341893,0.0,0.0,0.0,0.5428441013518954,-0.21586852855824654,-0.44886009668576393,0.8203462300672116,-0.6784887150743504,-0.584699542502074,0.9956254934380334,-1.1154848808666222,-0.6081130521918859,1.1373049232561947,-1.5169309993954925,-0.6167770934477094,0.19788110296910544,-0.9908433633540116,-0.3315531537019527,0.4709901897270089,-1.5551661497458233,-0.2832443405812706,0.6474693060770949,-1.8666892126787449,-0.22230209604003073,0.7721529583445328,-2.0686605140549412,-0.16811783001255495,-0.11194677673200121,-0.9925147634917931,-0.04880946045742964,0.11202199385292354,-1.534212997019047,0.11698962194910376,0.2972341964965286,-1.8375994437814747,0.20387434613506097,0.43878771581686576,-2.0172096990996704,0.2609337536920152,-0.28730158640151743,-0.9089292852474294,0.2078553809634829,-0.1419315799915813,-1.3635372847908889,0.3910722931151817,0.013680628208015674,-1.6196782449309246,0.40196972326018554,0.1539361995730062,-1.8206127186194838,0.3718222238867505,-0.3603650617499447,-0.7744270829830091,0.4260830648934585,-0.4196414198810856,-1.0379143034627534,0.5164684095230846,-0.4094721309679425,-1.194876469705687,0.5064226445689178,-0.3832422585545808,-1.3223782128799781,0.49570593302079086
IMG_5458.JPG,P311272,0.0,0.0,0.0,-0.45966335311396955,-0.268285138882283,-0.11743484934251139,-0.6855642012940408,-0.6596182708861258,-0.13505508077946377,-0.7490347305940971,-0.96066706423303,-0.15126259773731732,-0.8579063536141337,-1.1709881572715144,-0.16712965508696342,-0.0462888556881238,-0.9801424815161218,0.032203350315915695,-0.06100496073183691,-1.367996085164129,-0.03925440989464207,-0.054042342882402616,-1.6115287941216596,-0.1294249405239079,-0.03923839644053792,-1.8181642579562802,-0.2057771808727473,0.2831712882541747,-0.9590529785419947,-0.0056040929863461295,0.40622670041274056,-1.3722974944394946,-0.06615817971212083,0.4870520636484504,-1.6361884860838365,-0.163747390306277,0.5569984477799742,-1.8537493721943008,-0.2385395741010775,0.5469149378235766,-0.8604901816322295,-0.07382427992426469,0.6966576647580717,-1.234709524212745,-0.169291191518675,0.7892062935092555,-1.4808569985726867,-0.2681245978032358,0.863628434285787,-1.6954840264991102,-0.336996556995544,0.7816943701598936,-0.695642146972684,-0.15613831466732087,0.9944100315824494,-0.9673599258969245,-0.24798658632513398,1.098880459279389,-1.151596723487331,-0.29625463706295324,1.176880059700236,-1.3333300412304174,-0.33034676284146963
IMG_9600.jpg,P423111,0.0,0.0,0.0,-0.20551368228282435,-0.39463095122698283,-0.24478992575912698,-0.21962668834045518,-0.8300058460230458,-0.2606581176815454,-0.08324671662722258,-1.1685465328581848,-0.25247870170311365,0.06983786698652074,-1.460500152030602,-0.22338870819471207,0.22951241356662125,-0.9645244983015532,0.22013372086738112,0.4470741559271836,-1.25627855096728,0.25398046586610334,0.633493321096097,-1.3854257723403636,0.1979415895894733,0.7934537360264173,-1.5032672440039694,0.13271159300282961,0.47946160337809285,-0.8266522542408237,0.29455495488053307,0.7454147361420945,-1.0616806985447897,0.34435713057715955,0.9632164371870184,-1.1995933347831904,0.2619825154200314,1.15132384963762,-1.2894680121727755,0.17778498202544205,0.6222692926739181,-0.6635469751474329,0.3123798771418926,0.9153737765993142,-0.8728266554285741,0.3058254134863238,1.102235694169351,-0.9862212398205152,0.2361446127319204,1.2720800125137002,-1.0784154484232278,0.1725629397152716,0.7595820842531904,-0.46672744884947215,0.29930496566594594,1.0285886782627487,-0.5960151059124489,0.27135959069748145,1.1952607532101935,-0.6634429757002844,0.24202961247883067,1.3637259077148804,-0.738093029317873,0.2111204224349054
IMG_9601.jpg,P778147,0.0,0.0,0.0,-0.3752713928509093,-0.40833582030419513,-0.12971213829894768,-0.5370362553857992,-0.8397294268940816,-0.13705382264321087,-0.5672667696558888,-1.171539722833176,-0.14937720412418418,-0.6513266060303552,-1.4220232829104646,-0.16072193515727448,0.25817847576524316,-0.9112367635477082,0.13316124577513996,0.43770423466745,-1.2470150668389257,0.09556312643655704,0.5827257444629016,-1.4312536729648797,0.010391843269326323,0.7239682303513166,-1.5845367262861987,-0.06518875177669128,0.6041151874753482,-0.7899369975750539,0.10509224578309424,0.8781152540640806,-1.1157279450400015,0.08834567613262395,1.0454330694105167,-1.3128618010667232,-0.002067462402863451,1.1888543473723179,-1.4785326869637265,-0.08702850186536203,0.847391705850564,-0.6411881924469547,0.03585611281751158,1.1541670487716529,-0.9369963036039738,-0.03500537049380195,1.312948746351357,-1.1342276828282964,-0.11661035303500661,1.4369933517400864,-1.301192170081837,-0.18025953390628158,1.0192062951985492,-0.46000273320039115,-0.05180283425677687,1.3373811453270423,-0.6650243583283129,-0.12628145990080228,1.520534870379155,-0.8154292518304872,-0.16051379536980212,1.6737804495088036,-0.9657145633165557,-0.19196294648822032
IMG_9598.jpg,P636200,0.0,0.0,0.0,0.7039372313824791,-0.039829671437402535,-0.3046304366519566,1.1245146971862208,-0.2815621065276337,-0.3588174317516327,1.4655795187133076,-0.5032832094852164,-0.31246954278665107,1.760940913047273,-0.6863267861430549,-0.22423166370174144,0.6295586372252416,-0.890515402542471,-0.08667888769562238,0.944017503572231,-1.2445339908573159,0.1366954365667722,1.1742673664225471,-1.3664313071558236,0.3327565598332175,1.3272220986417451,-1.3926699146167825,0.48477794226247645,0.30980669707354497,-0.9273349470068993,0.20992786024749518,0.5273502969185015,-1.3372054192248812,0.4355265433384769,0.788775315343078,-1.4444669450549272,0.6328148645089838,1.0089871462478333,-1.4475435072537028,0.8045221166072355,0.08880756365125783,-0.8844335231608244,0.5000675635731039,0.293609628696764,-1.2120427564660436,0.7191177299639547,0.5312264867219488,-1.329431195154601,0.874427706172376,0.7208412387004829,-1.3495076598615647,0.9984308087004794,-0.013989274515411595,-0.791623512715908,0.7651870018168074,0.128140223444654,-1.0564780116880887,0.9761401370786751,0.29861561815468135,-1.150687069829299,1.1096489881142422,0.46160096722636434,-1.1694752122163052,1.226059335944504
